n_crashes,avg_total_reward,avg_distance,avg_steps_to_crash,std_total_reward,std_distance,std_steps_to_crash,epoch,step
18.0,10.754545211791992,285.4118957519531,9.55555534362793,8.45713996887207,206.63233947753906,5.8235368728637695,4,84
2.0,26.77272605895996,614.0528564453125,10.0,6.157203674316406,132.4215850830078,5.0,9,169
